ImageID,Source,LabelName,Confidence,XMin,XMax,YMin,YMax,IsOccluded,IsTruncated,IsGroupOf,IsDepiction,IsInside,XClick1X,XClick2X,XClick3X,XClick4X,XClick1Y,XClick2Y,XClick3Y,XClick4Y
000002b66c9c498e,xclick,/m/01g317,1,0.0125,0.195312,0.148438,0.5875,0,1,0,0,0,0.148438,0.0125,0.059375,0.195312,0.148438,0.357812,0.5875,0.325
000002b66c9c498e,xclick,/m/01g317,1,0.025,0.276563,0.714063,0.948438,0,1,0,0,0,0.025,0.248438,0.276563,0.214062,0.914062,0.714063,0.782813,0.948438
000002b66c9c498e,xclick,/m/01g317,1,0.151562,0.310937,0.198437,0.590625,1,0,0,0,0,0.24375,0.151562,0.310937,0.2625,0.198437,0.434375,0.507812,0.590625
000002b66c9c498e,xclick,/m/01g317,1,0.25625,0.429688,0.651563,0.925,1,0,0,0,0,0.315625,0.429688,0.25625,0.423438,0.651563,0.921875,0.826562,0.925
000002b66c9c498e,xclick,/m/01g317,1,0.257812,0.346875,0.235938,0.385938,1,0,0,0,0,0.317188,0.257812,0.346875,0.307812,0.235938,0.289062,0.348438,0.385938
000002b66c9c498e,xclick,/m/01g317,1,0.320312,0.36875,0.260938,0.328125,1,0,0,0,0,0.345313,0.320312,0.36875,0.353125,0.260938,0.298438,0.298438,0.328125
000002b66c9c498e,xclick,/m/01g317,1,0.4125,0.945312,0.120312,0.475,1,0,1,0,0,0.4125,0.832812,0.945312,0.914062,0.323437,0.120312,0.25,0.475
0000071d71a0a6f6,xclick,/m/01g317,1,0.0,0.2125,0.231667,0.998333,1,1,0,0,0,0.14,0.0,0.2125,0.09375,0.231667,0.6,0.395,0.998333
0000071d71a0a6f6,xclick,/m/01g317,1,0.13875,0.5225,0.25,0.998333,1,1,0,0,0,0.345,0.13875,0.5225,0.42,0.25,0.836667,0.781667,0.998333
0000071d71a0a6f6,xclick,/m/01g317,1,0.1425,0.235,0.418333,0.548333,1,0,0,0,0,0.195,0.1425,0.235,0.18,0.418333,0.471667,0.486667,0.548333
0000071d71a0a6f6,xclick,/m/01g317,1,0.59625,0.80875,0.265,0.998333,1,1,0,0,0,0.7075,0.59625,0.80875,0.69125,0.265,0.741667,0.513333,0.998333
0000071d71a0a6f6,xclick,/m/01g317,1,0.63875,0.99875,0.243333,0.998333,1,1,0,0,0,0.85,0.99875,0.86125,0.63875,0.243333,0.8,0.998333,0.863333
00001bcc92282a38,xclick,/m/01g317,1,0.00625,0.5325,0.084428,0.999062,0,0,0,0,0,0.27875,0.5325,0.26875,0.00625,0.084428,0.87242,0.999062,0.923077
000020780ccee28d,xclick,/m/01g317,1,0.0,0.262719,0.114375,0.680625,0,1,0,0,0,0.113428,0.0,0.231026,0.262719,0.114375,0.345625,0.680625,0.6325
000023aa04ab09ed,xclick,/m/01g317,1,0.0,0.693182,0.0,0.980769,1,1,0,0,0,0.347222,0.0,0.136364,0.693182,0.0,0.628846,0.980769,0.223077
000023aa04ab09ed,xclick,/m/01g317,1,0.218434,0.998737,0.290385,0.761538,1,1,0,0,0,0.998737,0.998737,0.218434,0.89899,0.290385,0.442308,0.548077,0.761538
000023aa04ab09ed,xclick,/m/01g317,1,0.477273,0.998737,0.578846,0.998077,1,1,0,0,0,0.630051,0.477273,0.998737,0.781566,0.578846,0.778846,0.723077,0.998077
00003223e04e2e66,xclick,/m/01g317,1,0.486667,0.625,0.61125,0.814375,0,0,0,0,0,0.564167,0.486667,0.625,0.568333,0.61125,0.721875,0.703125,0.814375
000033469fb48bc1,xclick,/m/01g317,1,0.0,0.48625,0.015023,0.999061,1,1,0,0,0,0.01375,0.0,0.11875,0.48625,0.015023,0.601878,0.999061,0.979343
000033469fb48bc1,xclick,/m/01g317,1,0.2825,0.555625,0.116432,0.995305,1,1,0,0,0,0.45,0.555625,0.2825,0.488125,0.116432,0.480751,0.623474,0.995305
000033469fb48bc1,xclick,/m/01g317,1,0.494375,0.72375,0.15493,0.999061,1,1,0,0,0,0.661875,0.494375,0.594375,0.72375,0.15493,0.723005,0.999061,0.630986
000033469fb48bc1,xclick,/m/01g317,1,0.665625,0.93375,0.170892,0.999061,1,1,0,0,0,0.665625,0.819375,0.93375,0.73375,0.53615,0.170892,0.449765,0.999061
000033469fb48bc1,xclick,/m/01g317,1,0.746875,0.999375,0.090141,0.999061,1,1,0,0,0,0.78,0.746875,0.9475,0.999375,0.090141,0.180282,0.999061,0.815962
000037c2dd414b46,xclick,/m/01g317,1,0.035,0.05,0.09422,0.150435,1,0,0,0,0,0.041875,0.035,0.05,0.043125,0.09422,0.114806,0.126683,0.150435
000037c2dd414b46,xclick,/m/01g317,1,0.059375,0.071875,0.098971,0.150435,1,0,0,0,0,0.06625,0.059375,0.071875,0.06625,0.098971,0.11639,0.11639,0.150435
000037c2dd414b46,xclick,/m/01g317,1,0.6225,0.6475,0.138559,0.228029,0,0,0,0,0,0.63875,0.6225,0.6475,0.63875,0.138559,0.178147,0.173397,0.228029
000037c2dd414b46,xclick,/m/01g317,1,0.641875,0.655625,0.135392,0.214568,1,0,0,0,0,0.641875,0.655625,0.6525,0.641875,0.135392,0.155978,0.214568,0.207443
000037c2dd414b46,xclick,/m/01g317,1,0.82125,0.859375,0.123515,0.224861,0,0,0,0,0,0.835,0.841875,0.859375,0.82125,0.224861,0.123515,0.220111,0.17498
00003e2837c7b728,xclick,/m/01g317,1,0.11625,0.553125,0.115242,0.999071,0,1,0,0,0,0.388125,0.11625,0.17125,0.553125,0.115242,0.907993,0.999071,0.801115
00003e2837c7b728,xclick,/m/01g317,1,0.133125,0.31,0.004647,0.516729,0,0,0,0,0,0.19625,0.133125,0.31,0.173125,0.004647,0.202602,0.363383,0.516729
00003e2837c7b728,xclick,/m/01g317,1,0.47625,0.87,0.057621,0.999071,1,1,0,0,0,0.47625,0.72125,0.87,0.758125,0.633829,0.057621,0.629182,0.999071
00003e2837c7b728,xclick,/m/01g317,1,0.83125,0.999375,0.1171,0.909851,1,1,0,0,0,0.83125,0.999375,0.999375,0.861875,0.850372,0.1171,0.168216,0.909851
0000418f7ade0445,xclick,/m/01g317,1,0.276667,0.426667,0.206667,0.746667,0,0,0,1,0,0.32,0.363333,0.276667,0.426667,0.206667,0.746667,0.626667,0.25
0000432bf1241812,xclick,/m/01g317,1,0.074375,0.114375,0.676004,0.704949,0,0,0,0,0,0.114375,0.074375,0.09625,0.095,0.69281,0.69281,0.676004,0.704949
000045257f66b9e2,xclick,/m/01g317,1,0.123047,0.285156,0.50651,0.998698,1,1,0,0,0,0.225586,0.123047,0.285156,0.274414,0.50651,0.764323,0.99349,0.998698
000045257f66b9e2,xclick,/m/01g317,1,0.171875,0.696289,0.158854,0.548177,1,0,1,0,0,0.584961,0.171875,0.696289,0.186523,0.158854,0.436198,0.378906,0.548177
000045257f66b9e2,xclick,/m/01g317,1,0.233398,0.405273,0.391927,0.998698,1,1,0,0,0,0.28418,0.233398,0.405273,0.398438,0.391927,0.496094,0.800781,0.998698
000045257f66b9e2,xclick,/m/01g317,1,0.239258,0.364258,0.455729,0.998698,1,1,0,0,0,0.265625,0.239258,0.364258,0.328125,0.455729,0.606771,0.695312,0.998698
000045257f66b9e2,xclick,/m/01g317,1,0.308594,0.415039,0.373698,0.90625,1,0,0,0,0,0.341797,0.308594,0.415039,0.383789,0.373698,0.471354,0.488281,0.90625
000045257f66b9e2,xclick,/m/01g317,1,0.380859,0.52832,0.390625,0.998698,1,0,0,0,0,0.441406,0.380859,0.52832,0.475586,0.390625,0.596354,0.584635,0.998698
000045257f66b9e2,xclick,/m/01g317,1,0.451172,0.576172,0.367188,0.91276,1,0,0,0,0,0.498047,0.474609,0.576172,0.451172,0.367188,0.458333,0.548177,0.91276
000045257f66b9e2,xclick,/m/01g317,1,0.554688,0.660156,0.354167,0.89974,1,0,0,0,0,0.615234,0.554688,0.660156,0.576172,0.354167,0.511719,0.464844,0.89974
000045257f66b9e2,xclick,/m/01g317,1,0.592773,0.71875,0.394531,0.89974,1,0,0,0,0,0.686523,0.592773,0.71875,0.65625,0.394531,0.765625,0.507812,0.89974
000045257f66b9e2,xclick,/m/01g317,1,0.670898,0.791016,0.385417,0.998698,1,1,0,0,0,0.735352,0.670898,0.791016,0.712891,0.385417,0.653646,0.510417,0.998698
000045257f66b9e2,xclick,/m/01g317,1,0.717773,0.9375,0.514323,0.998698,1,1,0,0,0,0.801758,0.717773,0.803711,0.9375,0.514323,0.99349,0.998698,0.759115
00004b19ca2c952f,activemil,/m/01g317,1,0.58625,0.666875,0.521576,0.727017,-1,-1,-1,-1,-1,-1.0,-1.0,-1.0,-1.0,-1.0,-1.0,-1.0,-1.0
00004b19ca2c952f,xclick,/m/01g317,1,0.198125,0.4075,0.0,0.999062,0,1,0,0,0,0.27625,0.198125,0.4075,0.31125,0.0,0.560976,0.560976,0.999062
00004b19ca2c952f,xclick,/m/01g317,1,0.4175,0.5225,0.291745,0.716698,0,0,0,0,0,0.45875,0.4175,0.490625,0.5225,0.291745,0.716698,0.711069,0.399625
00004b19ca2c952f,xclick,/m/01g317,1,0.52,0.61375,0.298311,0.703565,1,0,0,0,0,0.57,0.52,0.61375,0.60875,0.298311,0.703565,0.555347,0.453096
00004b19ca2c952f,xclick,/m/01g317,1,0.5675,0.999375,0.258912,0.737336,0,1,1,0,0,0.865625,0.5675,0.999375,0.998125,0.258912,0.603189,0.689493,0.737336
00005e7429a94ad4,xclick,/m/01g317,1,0.03,0.17625,0.204167,0.853333,1,0,0,0,0,0.1075,0.03,0.17625,0.119375,0.204167,0.414167,0.291667,0.853333
00005e7429a94ad4,xclick,/m/01g317,1,0.195625,0.5075,0.205833,0.894167,0,0,0,0,0,0.389375,0.5075,0.2475,0.195625,0.205833,0.395,0.894167,0.86
00005e7429a94ad4,xclick,/m/01g317,1,0.3825,0.551875,0.154167,0.815,1,0,0,0,0,0.3825,0.479375,0.551875,0.441875,0.360833,0.154167,0.335,0.815
00005e7429a94ad4,xclick,/m/01g317,1,0.53125,0.778125,0.205833,0.420833,1,0,0,0,0,0.53125,0.685,0.778125,0.68125,0.286667,0.205833,0.345,0.420833
00005e7429a94ad4,xclick,/m/01g317,1,0.775,0.9125,0.178333,0.85,1,0,0,0,0,0.775,0.828125,0.9125,0.81375,0.3175,0.178333,0.755,0.85
00005e7429a94ad4,xclick,/m/01g317,1,0.939375,0.983125,0.396667,0.6225,1,1,0,0,0,0.939375,0.983125,0.965,0.965,0.456667,0.396667,0.6225,0.6225
0000608cc97a2b17,xclick,/m/01g317,1,0.128125,0.350625,0.207902,0.701787,0,0,0,0,0,0.27125,0.128125,0.299375,0.350625,0.207902,0.695202,0.701787,0.458137
0000608cc97a2b17,xclick,/m/01g317,1,0.17125,0.58375,0.211665,0.764817,0,0,0,0,0,0.396875,0.17125,0.4225,0.58375,0.211665,0.64158,0.764817,0.64158
0000608cc97a2b17,xclick,/m/01g317,1,0.57375,0.888125,0.163688,0.698024,0,0,0,0,0,0.6575,0.57375,0.73,0.888125,0.163688,0.636877,0.698024,0.578551
0000608cc97a2b17,xclick,/m/01g317,1,0.845625,0.999375,0.132643,0.649106,0,0,0,0,0,0.9375,0.845625,0.860625,0.999375,0.132643,0.263405,0.649106,0.643462
0000615b5a80f660,xclick,/m/01g317,1,0.104375,0.401875,0.224167,0.845,1,0,0,0,0,0.270625,0.401875,0.179375,0.104375,0.224167,0.5175,0.845,0.654167
0000615b5a80f660,xclick,/m/01g317,1,0.44,0.650625,0.166667,0.513333,1,0,0,0,0,0.55625,0.44,0.515,0.650625,0.166667,0.3875,0.513333,0.363333
0000615b5a80f660,xclick,/m/01g317,1,0.525625,0.71125,0.229167,0.534167,1,0,0,0,0,0.683125,0.71125,0.595,0.525625,0.229167,0.258333,0.534167,0.513333
000067f3419a12fe,xclick,/m/01g317,1,0.0,0.10625,0.058271,0.731203,1,1,0,0,0,0.044375,0.0,0.02625,0.10625,0.058271,0.291353,0.731203,0.265038
000067f3419a12fe,xclick,/m/01g317,1,0.095625,0.2275,0.037594,0.738722,1,0,0,0,0,0.16125,0.17125,0.2275,0.095625,0.037594,0.738722,0.336466,0.204887
000067f3419a12fe,xclick,/m/01g317,1,0.1725,0.215,0.00282,0.155075,1,0,0,0,0,0.215,0.18,0.198125,0.1725,0.107143,0.00282,0.155075,0.030075
000067f3419a12fe,xclick,/m/01g317,1,0.2225,0.275,0.0,0.151316,1,1,0,0,0,0.275,0.23,0.2325,0.2225,0.149436,0.151316,0.0,0.145677
000067f3419a12fe,xclick,/m/01g317,1,0.241875,0.295625,0.0,0.145677,1,1,0,0,0,0.265,0.265,0.241875,0.295625,0.0,0.145677,0.023496,0.048872
000067f3419a12fe,xclick,/m/01g317,1,0.2625,0.315,0.299812,0.388158,1,0,0,0,0,0.27875,0.2625,0.315,0.301875,0.299812,0.382519,0.364662,0.388158
000067f3419a12fe,xclick,/m/01g317,1,0.343125,0.403125,0.00094,0.153195,1,1,0,0,0,0.359375,0.343125,0.403125,0.3775,0.143797,0.00282,0.00094,0.153195
000067f3419a12fe,xclick,/m/01g317,1,0.41625,0.57375,0.094925,0.657895,0,0,0,0,0,0.500625,0.501875,0.41625,0.57375,0.094925,0.657895,0.263158,0.368421
000067f3419a12fe,xclick,/m/01g317,1,0.4325,0.475,0.066729,0.147556,1,0,0,0,0,0.463125,0.4325,0.459375,0.475,0.066729,0.12218,0.147556,0.114662
000067f3419a12fe,xclick,/m/01g317,1,0.560625,0.63875,0.035714,0.141917,1,0,0,0,0,0.59,0.560625,0.59125,0.63875,0.035714,0.100564,0.141917,0.141917
000067f3419a12fe,xclick,/m/01g317,1,0.563125,0.6225,0.272556,0.37312,1,0,0,0,0,0.58,0.58375,0.6225,0.563125,0.272556,0.37312,0.359023,0.31109
000067f3419a12fe,xclick,/m/01g317,1,0.62125,0.67375,0.285714,0.37312,1,0,0,0,0,0.6425,0.62125,0.67375,0.653125,0.285714,0.355263,0.366541,0.37312
000067f3419a12fe,xclick,/m/01g317,1,0.635,0.69,0.041353,0.139098,1,0,0,0,0,0.661875,0.69,0.67125,0.635,0.041353,0.116541,0.139098,0.114662
000067f3419a12fe,xclick,/m/01g317,1,0.644375,0.999375,0.0,0.907895,1,1,0,0,0,0.95,0.644375,0.759375,0.999375,0.0,0.846805,0.907895,0.301692
000067f3419a12fe,xclick,/m/01g317,1,0.6875,0.755625,0.193609,0.368421,1,0,0,0,0,0.715625,0.6875,0.73125,0.755625,0.193609,0.309211,0.368421,0.329887
000067f3419a12fe,xclick,/m/01g317,1,0.809375,0.860625,0.00282,0.131579,1,1,0,0,0,0.809375,0.860625,0.83875,0.83875,0.00282,0.00282,0.131579,0.131579
000067f3419a12fe,xclick,/m/01g317,1,0.818125,0.905625,0.0,0.137218,0,1,0,0,0,0.854375,0.845,0.905625,0.818125,0.137218,0.0,0.041353,0.0
000067f3419a12fe,xclick,/m/01g317,1,0.851875,0.971875,0.078008,0.634399,1,0,0,0,0,0.88625,0.89,0.851875,0.971875,0.078008,0.634399,0.584586,0.457707
00006b13c052138f,xclick,/m/01g317,1,0.649375,0.675,0.444653,0.534709,0,0,0,0,0,0.649375,0.656875,0.675,0.655625,0.469043,0.444653,0.470919,0.534709
00006b13c052138f,xclick,/m/01g317,1,0.656875,0.755,0.613508,0.84803,0,0,0,0,0,0.699375,0.656875,0.67,0.755,0.613508,0.846154,0.84803,0.760788
00006bdb1eb5cd74,xclick,/m/01g317,1,0.19,0.215833,0.31203,0.390977,0,0,0,0,0,0.1975,0.19,0.203333,0.215833,0.31203,0.337093,0.390977,0.385965
00006bdb1eb5cd74,xclick,/m/01g317,1,0.240833,0.458333,0.215539,0.998747,1,1,0,0,0,0.348333,0.240833,0.458333,0.394167,0.215539,0.527569,0.537594,0.998747
000072a05feb492a,xclick,/m/01g317,1,0.241582,0.863636,0.05875,0.6725,1,0,0,1,0,0.531987,0.497475,0.241582,0.863636,0.05875,0.6725,0.543125,0.475625
00008044f1bbfde7,xclick,/m/01g317,1,0.170625,0.225,0.334728,0.846025,0,0,0,0,0,0.19375,0.170625,0.208125,0.225,0.334728,0.558996,0.846025,0.596653
00008044f1bbfde7,xclick,/m/01g317,1,0.22375,0.375,0.241004,0.816736,0,0,0,0,0,0.2625,0.22375,0.250625,0.375,0.241004,0.577406,0.816736,0.480335
00008044f1bbfde7,xclick,/m/01g317,1,0.296875,0.4075,0.224268,0.767364,0,0,0,0,0,0.346875,0.296875,0.36,0.4075,0.224268,0.307113,0.767364,0.54477
00008044f1bbfde7,xclick,/m/01g317,1,0.40625,0.50125,0.295397,0.732218,0,0,0,0,0,0.40625,0.4575,0.50125,0.468125,0.477824,0.295397,0.401674,0.732218
00008044f1bbfde7,xclick,/m/01g317,1,0.495,0.58,0.315481,0.671967,0,0,0,0,0,0.495,0.523125,0.58,0.565625,0.48954,0.315481,0.45523,0.671967
00008044f1bbfde7,xclick,/m/01g317,1,0.55,0.659375,0.317155,0.615063,0,0,0,0,0,0.55,0.59125,0.645625,0.659375,0.476151,0.317155,0.425941,0.615063
00008044f1bbfde7,xclick,/m/01g317,1,0.645625,0.734375,0.250209,0.630962,0,0,0,0,0,0.645625,0.6775,0.734375,0.71625,0.405021,0.250209,0.336402,0.630962
00008044f1bbfde7,xclick,/m/01g317,1,0.735625,0.845,0.23682,0.613389,0,0,0,0,0,0.735625,0.784375,0.845,0.8125,0.420921,0.23682,0.329707,0.613389
00008044f1bbfde7,xclick,/m/01g317,1,0.81375,0.874375,0.2159,0.6,0,0,0,0,0,0.824375,0.81375,0.8525,0.874375,0.2159,0.253556,0.6,0.564017
000085351f54575c,xclick,/m/01g317,1,0.094531,0.120312,0.244792,0.296875,1,0,0,1,0,0.103906,0.094531,0.110156,0.120312,0.244792,0.267708,0.296875,0.28125
000085351f54575c,xclick,/m/01g317,1,0.278125,0.999219,0.075,0.998958,1,1,1,0,0,0.978906,0.999219,0.278125,0.490625,0.075,0.216667,0.5,0.998958
0000880f55542351,xclick,/m/01g317,1,0.125625,0.291875,0.403377,0.942777,1,0,0,0,0,0.12875,0.249375,0.291875,0.125625,0.538462,0.403377,0.580675,0.942777
0000880f55542351,xclick,/m/01g317,1,0.431875,0.486875,0.518762,0.812383,1,0,0,0,0,0.47125,0.431875,0.46875,0.486875,0.518762,0.585366,0.812383,0.574109
0000880f55542351,xclick,/m/01g317,1,0.53125,0.601875,0.484053,0.806754,1,0,0,0,0,0.565,0.53125,0.588125,0.601875,0.484053,0.61257,0.806754,0.621951
0000880f55542351,xclick,/m/01g317,1,0.61125,0.701875,0.522514,0.806754,1,0,0,0,0,0.650625,0.61125,0.691875,0.701875,0.522514,0.606942,0.806754,0.605066
0000880f55542351,xclick,/m/01g317,1,0.754375,0.95,0.388368,0.860225,1,0,0,0,0,0.799375,0.95,0.754375,0.914375,0.41182,0.388368,0.639775,0.860225
00008d167563158c,xclick,/m/01g317,1,0.053631,0.640223,0.130726,0.950838,1,0,0,1,0,0.331844,0.053631,0.640223,0.640223,0.130726,0.950838,0.934078,0.934078
00008d167563158c,xclick,/m/01g317,1,0.109497,0.394413,0.332961,0.87486,0,0,0,1,0,0.210056,0.109497,0.330726,0.394413,0.332961,0.658101,0.87486,0.464804
000096726fd6c6c8,xclick,/m/01g317,1,0.82625,0.969375,0.19,0.81,1,0,0,0,0,0.9025,0.82625,0.888125,0.969375,0.19,0.393333,0.81,0.298333
000096726fd6c6c8,xclick,/m/01g317,1,0.82875,0.999375,0.281667,0.999167,0,1,0,0,0,0.82875,0.999375,0.999375,0.919375,0.430833,0.281667,0.469167,0.999167
00009cadede2ed69,xclick,/m/01g317,1,0.186523,0.342773,0.356771,0.925781,0,0,0,0,0,0.273438,0.186523,0.270508,0.342773,0.356771,0.494792,0.925781,0.449219
00009cadede2ed69,xclick,/m/01g317,1,0.304688,0.489258,0.260417,0.929688,0,0,0,0,0,0.40625,0.304688,0.376953,0.489258,0.260417,0.420573,0.929688,0.489583
00009cadede2ed69,xclick,/m/01g317,1,0.433594,0.680664,0.032552,0.97526,0,0,0,0,0,0.55957,0.433594,0.680664,0.524414,0.032552,0.259115,0.442708,0.97526
00009cadede2ed69,xclick,/m/01g317,1,0.652344,0.798828,0.378906,0.915365,0,0,0,0,0,0.726562,0.652344,0.749023,0.798828,0.378906,0.516927,0.915365,0.584635
0000a1b2fba255e9,xclick,/m/01g317,1,0.34,0.6675,0.14,0.823333,1,0,0,0,0,0.514375,0.34,0.6675,0.5925,0.14,0.625833,0.648333,0.823333
0000a4e648c5897f,xclick,/m/01g317,1,0.21,0.39875,0.3175,0.979167,1,0,0,0,0,0.3125,0.316875,0.21,0.39875,0.3175,0.979167,0.648333,0.748333
0000a90019e380dc,xclick,/m/01g317,1,0.272045,0.619762,0.225044,0.771454,0,0,0,0,0,0.433396,0.272045,0.580363,0.619762,0.225044,0.700525,0.771454,0.642732
0000aa810854dc2e,xclick,/m/01g317,1,0.1575,0.330625,0.289167,0.988333,1,1,0,0,0,0.233125,0.1575,0.19625,0.330625,0.289167,0.688333,0.988333,0.658333
0000aa810854dc2e,xclick,/m/01g317,1,0.268125,0.579375,0.356667,0.999167,1,1,0,0,0,0.445,0.579375,0.533125,0.268125,0.356667,0.973333,0.999167,0.828333
0000aa810854dc2e,xclick,/m/01g317,1,0.5525,0.930625,0.224167,0.999167,1,1,0,0,0,0.726875,0.5525,0.930625,0.915625,0.224167,0.456667,0.999167,0.999167
0000b3e5921ab7ff,xclick,/m/01g317,1,0.015625,0.46375,0.119225,0.999255,1,1,0,0,0,0.215625,0.345625,0.015625,0.46375,0.119225,0.999255,0.683308,0.483607
0000b3e5921ab7ff,xclick,/m/01g317,1,0.40125,0.56125,0.654247,0.959762,1,0,0,0,0,0.4575,0.40125,0.44875,0.56125,0.654247,0.726528,0.959762,0.917288
0000b4b26ef88376,xclick,/m/01g317,1,0.065,0.175,0.273214,0.6375,0,0,0,0,0,0.1225,0.065,0.103125,0.175,0.273214,0.400893,0.6375,0.633929
0000b4b26ef88376,xclick,/m/01g317,1,0.188125,0.999375,0.201786,0.999107,1,1,1,0,0,0.5725,0.188125,0.69125,0.999375,0.201786,0.633929,0.999107,0.276786
0000b4b26ef88376,xclick,/m/01g317,1,0.261875,0.38125,0.248214,0.825,0,0,0,0,0,0.316875,0.261875,0.38125,0.296875,0.248214,0.411607,0.416964,0.825
0000b4b26ef88376,xclick,/m/01g317,1,0.5525,0.7625,0.216964,0.999107,0,0,0,0,0,0.71,0.5525,0.70875,0.7625,0.216964,0.347321,0.999107,0.394643
0000bcb094764718,activemil,/m/01g317,1,0.46125,0.61,0.107778,0.991111,-1,-1,-1,-1,-1,-1.0,-1.0,-1.0,-1.0,-1.0,-1.0,-1.0,-1.0
0000bcb094764718,xclick,/m/01g317,1,0.0,0.016875,0.131111,0.393333,1,1,0,1,0,0.0,0.0,0.016875,0.0025,0.131111,0.393333,0.217778,0.222222
0000bcb094764718,xclick,/m/01g317,1,0.0,0.068125,0.276667,0.474444,0,1,0,1,0,0.010625,0.0,0.068125,0.068125,0.276667,0.474444,0.463333,0.463333
0000bcb094764718,xclick,/m/01g317,1,0.0,0.09125,0.103333,0.458889,1,1,0,1,0,0.0325,0.0,0.09125,0.0825,0.103333,0.117778,0.326667,0.458889
0000bcb094764718,xclick,/m/01g317,1,0.131875,0.81375,0.046667,0.998889,1,0,1,0,0,0.428125,0.131875,0.39125,0.81375,0.046667,0.397778,0.998889,0.376667
0000bcb094764718,xclick,/m/01g317,1,0.568125,0.774375,0.086667,0.998889,0,0,0,0,0,0.655625,0.774375,0.755,0.568125,0.086667,0.6,0.998889,0.51
0000bcb094764718,xclick,/m/01g317,1,0.81375,0.9125,0.167778,0.755556,1,0,0,0,0,0.8725,0.81375,0.844375,0.9125,0.167778,0.388889,0.755556,0.511111
0000bcb094764718,xclick,/m/01g317,1,0.9575,0.999375,0.133333,0.793333,1,1,0,0,0,0.999375,0.9575,0.990625,0.990625,0.133333,0.383333,0.793333,0.793333
0000bdfa52154160,xclick,/m/01g317,1,0.0,0.997685,0.08,0.998462,1,1,0,0,0,0.474537,0.997685,0.509259,0.0,0.08,0.532308,0.998462,0.736923
0000c33c6f4b8518,xclick,/m/01g317,1,0.105,0.79625,0.088333,0.999167,1,1,0,0,0,0.424375,0.451875,0.79625,0.105,0.088333,0.999167,0.584167,0.665833
0000c4f95a9d5a54,xclick,/m/01g317,1,0.103295,0.449937,0.17375,0.92875,0,0,0,0,0,0.103295,0.449937,0.333967,0.262991,0.833125,0.72375,0.17375,0.92875
0000c4f95a9d5a54,xclick,/m/01g317,1,0.3891,0.892269,0.024375,0.921875,0,0,0,0,0,0.540558,0.3891,0.768061,0.892269,0.024375,0.280625,0.921875,0.488125
0000c4f95a9d5a54,xclick,/m/01g317,1,0.784537,0.895437,0.291875,0.625,0,0,0,0,0,0.784537,0.851711,0.895437,0.860583,0.4675,0.291875,0.38875,0.625
0000ce19115ae401,xclick,/m/01g317,1,0.1125,0.210625,0.339853,0.494703,0,0,0,0,0,0.16,0.1125,0.1325,0.210625,0.339853,0.444988,0.494703,0.431133
0000ce19115ae401,xclick,/m/01g317,1,0.283125,0.356875,0.336593,0.471068,0,0,0,0,0,0.331875,0.283125,0.34625,0.356875,0.336593,0.438468,0.471068,0.463733
0000ce19115ae401,xclick,/m/01g317,1,0.313125,0.378125,0.164629,0.310513,0,0,0,0,0,0.361875,0.313125,0.360625,0.378125,0.164629,0.290139,0.310513,0.282804
0000ce19115ae401,xclick,/m/01g317,1,0.325,0.444375,0.649552,0.863896,0,0,0,0,0,0.356875,0.325,0.35125,0.444375,0.649552,0.666667,0.863896,0.819071
0000ce19115ae401,xclick,/m/01g317,1,0.356875,0.471875,0.07498,0.305623,0,0,0,0,0,0.424375,0.356875,0.471875,0.404375,0.07498,0.220864,0.220864,0.305623
0000ce19115ae401,xclick,/m/01g317,1,0.361875,0.37375,0.364303,0.401793,0,0,0,0,0,0.37375,0.361875,0.365,0.3725,0.364303,0.379788,0.401793,0.395273
0000ce19115ae401,xclick,/m/01g317,1,0.375625,0.403125,0.407498,0.458843,0,0,0,0,0,0.385625,0.375625,0.403125,0.39125,0.407498,0.458843,0.443358,0.453953
0000ce19115ae401,xclick,/m/01g317,1,0.403125,0.415,0.364303,0.401793,0,0,0,0,0,0.405625,0.403125,0.415,0.415,0.364303,0.386308,0.401793,0.401793
0000ce19115ae401,xclick,/m/01g317,1,0.426875,0.475625,0.178484,0.305623,0,0,0,0,0,0.454375,0.426875,0.451875,0.475625,0.178484,0.267319,0.305623,0.277914
0000ce19115ae401,xclick,/m/01g317,1,0.475625,0.526875,0.189894,0.302363,0,0,0,0,0,0.501875,0.475625,0.50625,0.526875,0.189894,0.242054,0.302363,0.290139
0000ce19115ae401,xclick,/m/01g317,1,0.495625,0.639375,0.07172,0.295029,0,0,0,0,0,0.6,0.495625,0.639375,0.60625,0.07172,0.203749,0.136919,0.295029
0000ce19115ae401,xclick,/m/01g317,1,0.523125,0.568125,0.198859,0.293399,0,0,0,0,0,0.549375,0.523125,0.53,0.568125,0.198859,0.220864,0.293399,0.293399
0000ce19115ae401,xclick,/m/01g317,1,0.620625,0.668125,0.169519,0.303993,0,0,0,0,0,0.65,0.620625,0.668125,0.6525,0.169519,0.285249,0.277914,0.303993
0000ce19115ae401,xclick,/m/01g317,1,0.663125,0.714375,0.171149,0.449878,0,0,0,0,0,0.705,0.663125,0.714375,0.7,0.171149,0.293399,0.343113,0.449878
0000d59fa570d973,xclick,/m/01g317,1,0.2425,0.326667,0.717778,0.995556,1,1,0,0,0,0.2425,0.298333,0.326667,0.3075,0.831111,0.717778,0.794444,0.995556
0000d59fa570d973,xclick,/m/01g317,1,0.319167,0.353333,0.734444,0.828889,1,0,0,0,0,0.319167,0.335,0.349167,0.353333,0.782222,0.734444,0.78,0.828889
0000d59fa570d973,xclick,/m/01g317,1,0.329167,0.739167,0.251111,0.945556,1,0,0,1,0,0.329167,0.503333,0.739167,0.5175,0.625556,0.251111,0.694444,0.945556
0000d59fa570d973,xclick,/m/01g317,1,0.505833,0.570833,0.74,0.97,1,0,0,0,0,0.505833,0.540833,0.570833,0.5375,0.834444,0.74,0.823333,0.97
0000d59fa570d973,xclick,/m/01g317,1,0.748333,0.793333,0.706667,0.895556,1,0,0,0,0,0.748333,0.7575,0.793333,0.7775,0.778889,0.706667,0.767778,0.895556
0000dde1f8ec7be1,xclick,/m/01g317,1,0.211914,0.452148,0.261765,0.998529,0,1,0,0,0,0.361328,0.211914,0.383789,0.452148,0.261765,0.752941,0.998529,0.598529
0000dde1f8ec7be1,xclick,/m/01g317,1,0.505859,0.688477,0.444118,0.997059,0,1,0,0,0,0.505859,0.600586,0.688477,0.674805,0.727941,0.444118,0.780882,0.997059
0000eb5027281f2a,xclick,/m/01g317,1,0.0,0.353516,0.052709,0.998536,0,0,0,0,0,0.199219,0.0,0.171875,0.353516,0.052709,0.461201,0.998536,0.358712
0000eb5027281f2a,xclick,/m/01g317,1,0.361328,0.696289,0.402635,0.998536,1,1,0,0,0,0.361328,0.588867,0.695312,0.696289,0.896047,0.402635,0.998536,0.998536
0000f509689e349c,xclick,/m/01g317,1,0.069444,0.998611,0.3125,0.997917,1,1,0,0,0,0.633333,0.186111,0.069444,0.998611,0.3125,0.997917,0.802083,0.722917
0000f53faa4d14c3,xclick,/m/01g317,1,0.0,0.999023,0.0,0.998536,0,0,0,0,0,0.368164,0.0,0.483398,0.999023,0.0,0.525622,0.998536,0.636896
0000f8604a4e2cfe,activemil,/m/01g317,1,0.44125,0.528125,0.46114,0.917098,-1,-1,-1,-1,-1,-1.0,-1.0,-1.0,-1.0,-1.0,-1.0,-1.0,-1.0
0000f8604a4e2cfe,xclick,/m/01g317,1,0.001875,0.9925,0.330311,0.962435,1,1,1,0,0,0.9925,0.970625,0.001875,0.031875,0.796632,0.962435,0.75,0.330311
0000f8604a4e2cfe,xclick,/m/01g317,1,0.6125,0.735,0.38342,0.957254,1,1,0,0,0,0.6575,0.6125,0.735,0.68875,0.38342,0.51943,0.624352,0.957254
0000f8aef032941e,xclick,/m/01g317,1,0.0,0.05625,0.322702,0.639775,1,1,0,0,0,0.021875,0.05625,0.025625,0.0,0.322702,0.37242,0.639775,0.557223
0000f8aef032941e,xclick,/m/01g317,1,0.035625,0.085625,0.330206,0.590056,1,1,0,0,0,0.035625,0.085625,0.05625,0.040625,0.330206,0.52439,0.590056,0.575985
0000f8aef032941e,xclick,/m/01g317,1,0.278125,0.341875,0.212946,0.623827,1,0,0,0,0,0.278125,0.32625,0.341875,0.295625,0.354597,0.212946,0.260788,0.623827
0000f8aef032941e,xclick,/m/01g317,1,0.290625,0.345625,0.268293,0.775797,1,0,0,0,0,0.32625,0.290625,0.336875,0.345625,0.268293,0.425891,0.775797,0.645403
0000f8aef032941e,xclick,/m/01g317,1,0.31625,0.47,0.268293,0.91651,1,0,0,0,0,0.340625,0.47,0.31625,0.386875,0.268293,0.456848,0.407129,0.91651
0000f8aef032941e,xclick,/m/01g317,1,0.3775,0.4175,0.306754,0.630394,1,0,0,0,0,0.381875,0.4175,0.415,0.3775,0.306754,0.610694,0.630394,0.379925
0000f8aef032941e,xclick,/m/01g317,1,0.45875,0.58625,0.139775,0.891182,1,0,0,0,0,0.488125,0.45875,0.5375,0.58625,0.139775,0.466229,0.891182,0.493433
0000f8aef032941e,xclick,/m/01g317,1,0.58125,0.68125,0.258912,0.599437,1,0,0,0,0,0.639375,0.68125,0.58125,0.62875,0.258912,0.366792,0.348968,0.599437
0000f8aef032941e,xclick,/m/01g317,1,0.701875,0.999375,0.422139,0.999062,1,1,0,0,0,0.81875,0.999375,0.701875,0.814375,0.422139,0.78424,0.897749,0.999062
0000f8aef032941e,xclick,/m/01g317,1,0.763125,0.849375,0.149156,0.438086,1,0,0,0,0,0.808125,0.849375,0.763125,0.78375,0.149156,0.376173,0.332083,0.438086
0000f8aef032941e,xclick,/m/01g317,1,0.83375,0.9775,0.251407,0.643527,1,0,0,0,0,0.953125,0.9775,0.83375,0.86875,0.251407,0.422139,0.418386,0.643527
0000f8aef032941e,xclick,/m/01g317,1,0.9325,0.999375,0.110694,0.591932,1,1,0,0,0,0.9775,0.999375,0.9325,0.99375,0.110694,0.198874,0.251407,0.591932
0000fcb8ed0ea243,xclick,/m/01g317,1,0.01375,0.201875,0.199812,0.878987,0,0,0,0,0,0.078125,0.01375,0.029375,0.201875,0.199812,0.865854,0.878987,0.849906
0000fcb8ed0ea243,xclick,/m/01g317,1,0.4375,0.603125,0.190432,0.901501,0,0,0,0,0,0.4375,0.603125,0.504375,0.495,0.491557,0.499062,0.190432,0.901501
0000fcb8ed0ea243,xclick,/m/01g317,1,0.545625,0.72375,0.197936,0.869606,0,0,0,0,0,0.563125,0.61875,0.72375,0.545625,0.294559,0.197936,0.329268,0.869606
000101475b6bc944,xclick,/m/01g317,1,0.000833,0.3325,0.266355,0.998832,0,1,0,0,0,0.000833,0.174167,0.3325,0.256667,0.632009,0.266355,0.678738,0.998832
000101475b6bc944,xclick,/m/01g317,1,0.430833,0.724167,0.172897,0.998832,0,0,0,0,0,0.604167,0.6425,0.430833,0.724167,0.172897,0.998832,0.546729,0.517523
00010bf498b64bab,xclick,/m/01g317,1,0.4775,0.504375,0.48832,0.611791,1,0,0,0,0,0.498125,0.4775,0.493125,0.504375,0.48832,0.546162,0.611791,0.531702
00010d5d0cd3e273,xclick,/m/01g317,1,0.140625,0.279375,0.4275,0.839167,1,0,0,0,0,0.213125,0.279375,0.185,0.140625,0.4275,0.5925,0.839167,0.565
00010d5d0cd3e273,xclick,/m/01g317,1,0.73,0.869375,0.3725,0.750833,1,0,0,0,0,0.79,0.73,0.8225,0.869375,0.3725,0.500833,0.750833,0.670833
00010d5d0cd3e273,xclick,/m/01g317,1,0.77625,0.90625,0.1425,0.278333,1,0,0,0,0,0.8525,0.90625,0.77625,0.78125,0.1425,0.245833,0.278333,0.278333
00010d873e81c61e,xclick,/m/01g317,1,0.215556,0.675556,0.202963,0.994074,0,0,0,0,0,0.215556,0.675556,0.402222,0.406667,0.508148,0.540741,0.202963,0.994074
00010f041a2a6fa5,xclick,/m/01g317,1,0.075047,0.769231,0.170625,0.915,0,0,0,0,0,0.575985,0.075047,0.754221,0.769231,0.170625,0.8025,0.915,0.634375
0001143bfa4f6ae7,xclick,/m/01g317,1,0.124375,0.996875,0.190833,0.998333,0,0,0,0,0,0.996875,0.124375,0.840625,0.229375,0.530833,0.3675,0.998333,0.190833
00011aec5d7324f4,xclick,/m/01g317,1,0.00625,0.489375,0.157796,0.998133,0,0,0,0,0,0.244375,0.00625,0.489375,0.33875,0.157796,0.609711,0.590103,0.998133
000132a014faadaf,xclick,/m/01g317,1,0.0,0.055,0.424268,0.624268,0,1,0,0,0,0.023125,0.0,0.055,0.036875,0.424268,0.451883,0.463598,0.624268
000132a014faadaf,xclick,/m/01g317,1,0.073125,0.07625,0.435146,0.45272,1,0,0,0,0,0.073125,0.073125,0.073125,0.07625,0.435146,0.449372,0.45272,0.446025
000132a014faadaf,xclick,/m/01g317,1,0.078125,0.173125,0.549791,0.697908,1,0,0,0,0,0.078125,0.10875,0.173125,0.09125,0.642678,0.549791,0.665272,0.697908
000132a014faadaf,xclick,/m/01g317,1,0.07875,0.085,0.438494,0.462761,1,0,0,0,0,0.07875,0.0825,0.085,0.08375,0.451046,0.438494,0.449372,0.462761
000132a014faadaf,xclick,/m/01g317,1,0.10875,0.203125,0.408368,0.713808,1,0,0,0,0,0.135,0.203125,0.158125,0.10875,0.713808,0.582427,0.408368,0.530544
000132a014faadaf,xclick,/m/01g317,1,0.168125,0.275,0.411715,0.830962,1,0,0,0,0,0.168125,0.208125,0.275,0.249375,0.825105,0.830962,0.620084,0.411715
000132a014faadaf,xclick,/m/01g317,1,0.26625,0.335625,0.417573,0.706276,1,0,0,0,0,0.26625,0.301875,0.335625,0.27625,0.476151,0.417573,0.505439,0.706276
000132a014faadaf,xclick,/m/01g317,1,0.324375,0.35,0.447699,0.612552,1,0,0,0,0,0.330625,0.35,0.330625,0.324375,0.447699,0.532218,0.612552,0.462762
000132a014faadaf,xclick,/m/01g317,1,0.3525,0.4275,0.437657,0.70795,1,0,0,0,0,0.3525,0.401875,0.4275,0.404375,0.628452,0.70795,0.513808,0.437657
000132a014faadaf,xclick,/m/01g317,1,0.365625,0.62125,0.43682,0.553975,1,0,1,0,0,0.365625,0.376875,0.62125,0.57875,0.490377,0.43682,0.538912,0.553975
000132a014faadaf,xclick,/m/01g317,1,0.625,0.671875,0.459414,0.487029,1,0,1,0,0,0.671875,0.66125,0.625,0.6525,0.475314,0.487029,0.475314,0.459414
000132a014faadaf,xclick,/m/01g317,1,0.75875,0.828125,0.429289,0.686192,0,0,0,0,0,0.8075,0.75875,0.828125,0.8,0.429289,0.551464,0.520502,0.686192
000134de87dd044b,xclick,/m/01g317,1,0.00875,0.086875,0.0,0.89212,0,1,0,0,0,0.00875,0.086875,0.033125,0.033125,0.0,0.045966,0.89212,0.89212
000134de87dd044b,xclick,/m/01g317,1,0.05625,0.20375,0.047842,0.423077,0,0,0,0,0,0.05625,0.184375,0.20375,0.10375,0.179174,0.047842,0.115385,0.423077
000134de87dd044b,xclick,/m/01g317,1,0.163125,0.44625,0.0,0.949343,0,0,0,0,0,0.251875,0.44625,0.163125,0.35625,0.0,0.907129,0.22045,0.949343
000134de87dd044b,xclick,/m/01g317,1,0.3225,0.400625,0.098499,0.395872,0,0,0,0,0,0.3225,0.35375,0.400625,0.381875,0.182927,0.098499,0.228893,0.395872
000134de87dd044b,xclick,/m/01g317,1,0.3575,0.61875,0.221388,0.719512,1,0,0,0,0,0.3575,0.36875,0.541875,0.61875,0.661351,0.719512,0.221388,0.375235
000134de87dd044b,xclick,/m/01g317,1,0.399375,0.481875,0.096623,0.346154,0,0,0,0,0,0.399375,0.42375,0.481875,0.445625,0.184803,0.096623,0.242026,0.346154
000134de87dd044b,xclick,/m/01g317,1,0.52125,0.588125,0.096623,0.252345,0,0,0,0,0,0.52125,0.56125,0.588125,0.5725,0.173546,0.096623,0.182927,0.252345
000134de87dd044b,xclick,/m/01g317,1,0.57375,0.8175,0.36773,0.853659,0,0,0,0,0,0.57375,0.655625,0.8175,0.715,0.613508,0.36773,0.584428,0.853659
000134de87dd044b,xclick,/m/01g317,1,0.604375,0.67625,0.060038,0.290807,1,0,0,0,0,0.604375,0.648125,0.67625,0.61875,0.175422,0.060038,0.192308,0.290807
000134de87dd044b,xclick,/m/01g317,1,0.675,0.7325,0.073171,0.221388,1,0,0,0,0,0.675,0.725,0.7325,0.690625,0.181051,0.073171,0.150094,0.221388
000134de87dd044b,xclick,/m/01g317,1,0.73125,0.7725,0.098499,0.199812,1,0,0,0,0,0.73125,0.751875,0.7725,0.73125,0.168856,0.098499,0.173546,0.199812
0001386327595826,xclick,/m/01g317,1,0.0,0.254237,0.25875,0.703125,1,1,0,0,0,0.027307,0.0,0.096987,0.254237,0.25875,0.423125,0.703125,0.565
0001386327595826,xclick,/m/01g317,1,0.177024,0.300377,0.37875,0.503125,1,0,0,0,0,0.202448,0.177024,0.212806,0.300377,0.37875,0.4075,0.503125,0.4675
0001386327595826,xclick,/m/01g317,1,0.208098,0.341808,0.4675,0.72,1,0,0,0,0,0.269303,0.208098,0.285311,0.341808,0.4675,0.501875,0.715,0.72
0001386327595826,xclick,/m/01g317,1,0.257062,0.822976,0.13625,0.785625,1,0,0,0,0,0.792844,0.566855,0.257062,0.822976,0.785625,0.13625,0.601875,0.74125
0001386327595826,xclick,/m/01g317,1,0.279661,0.292844,0.419375,0.45375,1,0,0,0,0,0.282486,0.279661,0.292844,0.292844,0.419375,0.435,0.45375,0.438125
0001386327595826,xclick,/m/01g317,1,0.650659,0.709981,0.49625,0.706875,1,0,0,0,0,0.69209,0.650659,0.665725,0.709981,0.49625,0.540625,0.706875,0.66375
0001386327595826,xclick,/m/01g317,1,0.69209,0.900188,0.125625,0.29125,1,0,0,1,0,0.887006,0.900188,0.69209,0.794727,0.125625,0.1275,0.144375,0.29125
0001386327595826,xclick,/m/01g317,1,0.789077,0.999058,0.3325,0.758125,1,1,0,0,0,0.977401,0.789077,0.920904,0.999058,0.3325,0.503125,0.758125,0.71875
0001386327595826,xclick,/m/01g317,1,0.794727,0.879473,0.366875,0.470625,1,0,0,0,0,0.854049,0.794727,0.833333,0.879473,0.366875,0.38875,0.470625,0.45375
0001386327595826,xclick,/m/01g317,1,0.848399,0.949153,0.330625,0.47625,1,0,0,0,0,0.933145,0.848399,0.87194,0.949153,0.3375,0.3975,0.47625,0.330625
00013d077c604328,xclick,/m/01g317,1,0.0,0.045625,0.090554,0.255269,1,1,0,0,0,0.0,0.045625,0.0,0.0,0.090554,0.160812,0.255269,0.241218
00013d077c604328,xclick,/m/01g317,1,0.0,0.12625,0.120999,0.867291,1,1,0,0,0,0.076875,0.0,0.04,0.12625,0.120999,0.309914,0.867291,0.258392
00013d077c604328,xclick,/m/01g317,1,0.021875,0.2875,0.133489,0.999219,1,1,0,0,0,0.19375,0.021875,0.2875,0.155625,0.133489,0.485558,0.497268,0.999219
00013d077c604328,xclick,/m/01g317,1,0.076875,0.181875,0.116315,0.279469,1,0,0,0,0,0.144375,0.076875,0.133125,0.181875,0.116315,0.231069,0.279469,0.126464
00013d077c604328,xclick,/m/01g317,1,0.225625,0.285,0.107728,0.313817,1,0,0,0,0,0.27625,0.225625,0.24625,0.285,0.107728,0.167838,0.313817,0.193599
00013d077c604328,xclick,/m/01g317,1,0.291875,0.48125,0.016393,0.85324,1,0,0,0,0,0.400625,0.459375,0.48125,0.291875,0.016393,0.85324,0.227947,0.782982
00013d077c604328,xclick,/m/01g317,1,0.291875,0.60125,0.10929,0.994536,1,1,0,0,0,0.42625,0.291875,0.484375,0.60125,0.10929,0.686963,0.994536,0.461358
00013d077c604328,xclick,/m/01g317,1,0.474375,0.5625,0.156909,0.361436,1,0,0,0,0,0.48875,0.474375,0.5625,0.5175,0.156909,0.286495,0.272443,0.361436
00013d077c604328,xclick,/m/01g317,1,0.54625,0.7025,0.153786,0.956284,1,0,0,0,0,0.66125,0.54625,0.7025,0.616875,0.153786,0.91491,0.925059,0.956284
00013d077c604328,xclick,/m/01g317,1,0.728125,0.9,0.189696,0.882904,1,0,0,0,0,0.826875,0.728125,0.9,0.788125,0.189696,0.444184,0.442623,0.882904
000140f27cb00816,xclick,/m/01g317,1,0.396811,0.420263,0.61125,0.650625,0,0,0,0,0,0.420263,0.396811,0.420263,0.420263,0.61125,0.650625,0.650625,0.650625
000140f27cb00816,xclick,/m/01g317,1,0.420263,0.470919,0.62625,0.650625,0,0,0,0,0,0.432458,0.420263,0.470919,0.470919,0.62625,0.650625,0.650625,0.650625
000140f27cb00816,xclick,/m/01g317,1,0.696998,0.750469,0.595625,0.683125,0,0,0,0,0,0.727955,0.696998,0.717636,0.750469,0.595625,0.641875,0.683125,0.636875
000140f27cb00816,xclick,/m/01g317,1,0.778612,0.781426,0.604375,0.650625,0,0,0,0,0,0.781426,0.778612,0.778612,0.778612,0.604375,0.63,0.650625,0.650625
000140f27cb00816,xclick,/m/01g317,1,0.802064,0.850844,0.599375,0.646875,0,0,0,0,0,0.827392,0.802064,0.84803,0.850844,0.599375,0.636875,0.646875,0.645
000140f27cb00816,xclick,/m/01g317,1,0.819887,0.858349,0.651875,0.701875,0,0,0,0,0,0.84334,0.819887,0.858349,0.858349,0.651875,0.693125,0.701875,0.701875
000140f27cb00816,xclick,/m/01g317,1,0.871482,0.901501,0.650625,0.698125,0,0,0,0,0,0.896811,0.871482,0.878987,0.901501,0.650625,0.6775,0.698125,0.68125
000140f27cb00816,xclick,/m/01g317,1,0.89212,0.999062,0.694375,0.9975,0,0,0,0,0,0.923077,0.89212,0.999062,0.948405,0.694375,0.93125,0.86125,0.9975
000156c75d1ef7b2,xclick,/m/01g317,1,0.000625,0.055,0.4225,0.646667,0,0,0,0,0,0.024375,0.000625,0.055,0.038125,0.4225,0.541667,0.5225,0.646667
000156c75d1ef7b2,xclick,/m/01g317,1,0.08375,0.999375,0.120833,0.999167,1,1,1,0,0,0.999375,0.999375,0.08375,0.6625,0.120833,0.341667,0.766667,0.999167
000156c75d1ef7b2,xclick,/m/01g317,1,0.391875,0.889375,0.3825,0.999167,0,0,0,0,0,0.761875,0.391875,0.600625,0.889375,0.3825,0.8675,0.999167,0.6025
000156c75d1ef7b2,xclick,/m/01g317,1,0.728125,0.800625,0.045,0.191667,1,0,0,1,0,0.768125,0.728125,0.75625,0.800625,0.045,0.170833,0.191667,0.178333
000156c75d1ef7b2,xclick,/m/01g317,1,0.75375,0.798125,0.093333,0.1725,0,0,0,1,0,0.774375,0.75375,0.774375,0.798125,0.093333,0.169167,0.1725,0.146667
00017614428567ff,xclick,/m/01g317,1,0.468125,0.74875,0.109167,0.8875,0,0,0,0,0,0.534375,0.468125,0.74875,0.675,0.109167,0.481667,0.849167,0.8875
00018571f3c267da,xclick,/m/01g317,1,0.225,0.349306,0.249074,0.953704,0,0,0,0,0,0.311111,0.349306,0.225,0.308333,0.249074,0.924074,0.497222,0.953704
00018571f3c267da,xclick,/m/01g317,1,0.311111,0.477083,0.462037,0.90463,1,0,0,0,0,0.388889,0.311111,0.477083,0.364583,0.462037,0.661111,0.753704,0.90463
00018571f3c267da,xclick,/m/01g317,1,0.417361,0.565278,0.453704,0.807407,0,0,0,0,0,0.464583,0.417361,0.565278,0.515972,0.453704,0.581481,0.787037,0.807407
00018571f3c267da,xclick,/m/01g317,1,0.704167,0.872917,0.199074,0.999074,0,1,0,0,0,0.76875,0.75625,0.704167,0.872917,0.199074,0.999074,0.619444,0.539815
000191087c2c9533,xclick,/m/01g317,1,0.109375,0.553125,0.289167,0.999167,0,0,0,0,0,0.109375,0.553125,0.27375,0.423125,0.495,0.8525,0.289167,0.999167
00019bc020b24b32,xclick,/m/01g317,1,0.051875,0.418125,0.527205,0.999062,0,0,0,0,0,0.051875,0.22625,0.418125,0.3,0.778612,0.527205,0.679174,0.999062
00019bc020b24b32,xclick,/m/01g317,1,0.34125,0.54375,0.717636,0.999062,0,0,0,0,0,0.34125,0.469375,0.54375,0.459375,0.999062,0.717636,0.846154,0.999062
00019bc020b24b32,xclick,/m/01g317,1,0.669375,0.768125,0.217636,0.445591,0,0,0,0,0,0.72875,0.669375,0.7,0.768125,0.217636,0.337711,0.445591,0.314259
00019bc020b24b32,xclick,/m/01g317,1,0.730625,0.84625,0.309568,0.598499,0,0,0,0,0,0.730625,0.820625,0.84625,0.75,0.428705,0.309568,0.399625,0.598499
00019bc020b24b32,xclick,/m/01g317,1,0.75,0.830625,0.558161,0.745779,0,0,0,0,0,0.75,0.79,0.830625,0.820625,0.598499,0.558161,0.624765,0.745779
00019bc020b24b32,xclick,/m/01g317,1,0.776875,0.824375,0.219512,0.380863,0,0,0,0,0,0.776875,0.80625,0.824375,0.79,0.261726,0.219512,0.257974,0.380863
00019bc020b24b32,xclick,/m/01g317,1,0.795,0.978125,0.351782,0.742026,0,0,0,0,0,0.795,0.875625,0.978125,0.828125,0.538462,0.351782,0.54409,0.742026
00019bc020b24b32,xclick,/m/01g317,1,0.834375,0.94875,0.682927,0.851782,0,0,0,0,0,0.834375,0.873125,0.94875,0.8975,0.767355,0.682927,0.805816,0.851782
00019bc020b24b32,xclick,/m/01g317,1,0.879375,0.979375,0.28424,0.430582,0,0,0,0,0,0.879375,0.940625,0.979375,0.933125,0.334897,0.28424,0.382739,0.430582
00019bc020b24b32,xclick,/m/01g317,1,0.933125,0.999375,0.267355,0.511257,0,0,0,0,0,0.933125,0.999375,0.999375,0.965,0.423077,0.267355,0.490619,0.511257
00019e09fe61747c,xclick,/m/01g317,1,0.0575,0.101875,0.5025,0.67,1,0,0,0,0,0.08875,0.068125,0.0575,0.101875,0.5025,0.67,0.6375,0.53
00019e09fe61747c,xclick,/m/01g317,1,0.08625,0.16,0.504167,0.726667,1,0,0,0,0,0.109375,0.12125,0.08625,0.16,0.504167,0.726667,0.616667,0.604167
00019e09fe61747c,xclick,/m/01g317,1,0.135625,0.206875,0.4975,0.625833,1,0,0,0,0,0.15125,0.135625,0.206875,0.15875,0.4975,0.523333,0.615,0.625833
00019e09fe61747c,xclick,/m/01g317,1,0.6775,0.70125,0.4825,0.568333,1,0,0,0,0,0.694375,0.684375,0.6775,0.70125,0.4825,0.568333,0.525,0.505833
00019e09fe61747c,xclick,/m/01g317,1,0.731875,0.75,0.485833,0.528333,1,0,0,0,0,0.735625,0.74,0.731875,0.75,0.485833,0.528333,0.499167,0.505833
00019ee392d03976,xclick,/m/01g317,1,0.07563,0.747899,0.095556,0.888889,0,0,0,0,0,0.35014,0.07563,0.45098,0.747899,0.095556,0.375556,0.888889,0.655556
0001a1f45ad8e824,xclick,/m/01g317,1,0.055333,0.225333,0.503111,0.624889,1,0,1,0,0,0.202,0.055333,0.093333,0.225333,0.503111,0.602667,0.624889,0.538667
0001a1f45ad8e824,xclick,/m/01g317,1,0.238,0.264,0.527111,0.616889,1,0,0,0,0,0.262667,0.238,0.264,0.242,0.527111,0.616889,0.595556,0.613333
0001a1f45ad8e824,xclick,/m/01g317,1,0.258667,0.282,0.538667,0.602667,1,0,0,0,0,0.266667,0.258667,0.272667,0.282,0.538667,0.563556,0.602667,0.602667
0001a1f45ad8e824,xclick,/m/01g317,1,0.284667,0.306667,0.536889,0.592889,1,0,0,0,0,0.296,0.284667,0.306667,0.294667,0.536889,0.565333,0.565333,0.592889
0001a1f45ad8e824,xclick,/m/01g317,1,0.358667,0.419333,0.552889,0.745778,1,0,0,0,0,0.393333,0.358667,0.388,0.419333,0.552889,0.649778,0.745778,0.696
0001a1f45ad8e824,xclick,/m/01g317,1,0.390667,0.412667,0.525333,0.565333,1,0,0,0,0,0.401333,0.390667,0.404,0.412667,0.525333,0.551111,0.565333,0.56
0001a1f45ad8e824,xclick,/m/01g317,1,0.766,0.792,0.532444,0.606222,1,0,0,0,0,0.785333,0.766,0.792,0.786667,0.532444,0.602667,0.604444,0.606222
0001a1f45ad8e824,xclick,/m/01g317,1,0.785333,0.807333,0.544,0.611556,1,0,0,0,0,0.793333,0.785333,0.807333,0.806,0.544,0.569778,0.578667,0.611556
0001a1f45ad8e824,xclick,/m/01g317,1,0.91,0.999333,0.558222,0.697778,1,0,0,0,0,0.952,0.91,0.926,0.999333,0.558222,0.634667,0.697778,0.659556
0001b2b3b13cfbe4,xclick,/m/01g317,1,0.10875,0.96125,0.256667,0.608333,1,0,0,0,0,0.360625,0.10875,0.96125,0.92125,0.256667,0.459167,0.47,0.608333
0001b46b0b82ee29,xclick,/m/01g317,1,0.299375,0.495625,0.540338,0.999062,1,1,0,0,0,0.450625,0.299375,0.31875,0.495625,0.540338,0.998124,0.999062,0.668856
0001b46b0b82ee29,xclick,/m/01g317,1,0.30625,0.7125,0.602251,0.999062,0,1,0,0,0,0.643125,0.30625,0.430625,0.7125,0.602251,0.906191,0.999062,0.844278
0001b46b0b82ee29,xclick,/m/01g317,1,0.30625,0.999375,0.520638,0.999062,1,1,1,0,0,0.665,0.999375,0.811875,0.30625,0.520638,0.579737,0.999062,0.889306
0001b46b0b82ee29,xclick,/m/01g317,1,0.343125,0.398125,0.371482,0.576923,0,0,0,0,0,0.379375,0.343125,0.355,0.398125,0.371482,0.442777,0.576923,0.461538
0001b46b0b82ee29,xclick,/m/01g317,1,0.500625,0.585625,0.569418,0.80394,1,0,0,0,0,0.500625,0.536875,0.554375,0.585625,0.732645,0.80394,0.569418,0.719512
0001b46b0b82ee29,xclick,/m/01g317,1,0.53,0.759375,0.560037,0.842402,1,0,0,0,0,0.696875,0.53,0.545625,0.759375,0.560037,0.838649,0.842402,0.732645
0001b46b0b82ee29,xclick,/m/01g317,1,0.56875,0.6175,0.538462,0.694184,1,0,0,0,0,0.56875,0.58125,0.6175,0.61375,0.621013,0.538462,0.621013,0.694184
0001b46b0b82ee29,xclick,/m/01g317,1,0.604375,0.654375,0.534709,0.635084,1,0,0,0,0,0.636875,0.604375,0.62375,0.654375,0.534709,0.606004,0.635084,0.602251
0001b46b0b82ee29,xclick,/m/01g317,1,0.696875,0.999375,0.536585,0.999062,0,1,1,0,0,0.82875,0.696875,0.860625,0.999375,0.536585,0.921201,0.999062,0.732645
0001b46b0b82ee29,xclick,/m/01g317,1,0.72125,0.785,0.576923,0.752345,1,0,0,0,0,0.754375,0.72125,0.765,0.785,0.576923,0.626642,0.752345,0.707317
0001c43f78cd23e1,xclick,/m/01g317,1,0.5825,0.615,0.443715,0.557223,1,0,0,0,0,0.591875,0.5825,0.594375,0.615,0.443715,0.515009,0.557223,0.515009
0001c43f78cd23e1,xclick,/m/01g317,1,0.68375,0.711875,0.427767,0.575985,0,0,0,0,0,0.700625,0.68375,0.711875,0.701875,0.427767,0.466229,0.491557,0.575985
0001c43f78cd23e1,xclick,/m/01g317,1,0.71625,0.739375,0.445591,0.545028,1,0,0,0,0,0.7325,0.71625,0.72375,0.739375,0.445591,0.493433,0.545028,0.484053
0001c43f78cd23e1,xclick,/m/01g317,1,0.74375,0.808125,0.43152,0.69606,0,0,0,0,0,0.7775,0.74375,0.7675,0.808125,0.43152,0.520638,0.69606,0.515947
0001c43f78cd23e1,xclick,/m/01g317,1,0.83125,0.89125,0.482176,0.680113,0,0,0,0,0,0.87,0.89125,0.83125,0.861875,0.482176,0.560976,0.621951,0.680113
0001c626b9afb50c,xclick,/m/01g317,1,0.44375,0.545313,0.279621,0.452607,0,0,0,0,0,0.484375,0.545313,0.460938,0.44375,0.279621,0.402844,0.452607,0.388626
0001d48938a45d49,xclick,/m/01g317,1,0.603516,0.664062,0.420205,0.796486,0,0,0,0,0,0.642578,0.636719,0.664062,0.603516,0.420205,0.796486,0.796486,0.49634
0001e27f4b156f49,xclick,/m/01g317,1,0.351875,0.54875,0.216495,0.999063,1,1,0,0,0,0.54875,0.393125,0.351875,0.4075,0.905342,0.216495,0.972821,0.999063
0001e27f4b156f49,xclick,/m/01g317,1,0.434375,0.638125,0.241799,0.829428,1,0,0,0,0,0.52875,0.434375,0.638125,0.625,0.241799,0.46298,0.796626,0.829428
0001e27f4b156f49,xclick,/m/01g317,1,0.539375,0.748125,0.518276,0.999063,1,1,0,0,0,0.7175,0.539375,0.6275,0.748125,0.518276,0.99344,0.999063,0.812559
0001e27f4b156f49,xclick,/m/01g317,1,0.708125,0.999375,0.0,0.999063,1,1,0,0,0,0.78375,0.708125,0.756875,0.999375,0.0,0.074977,0.999063,0.58388
0001e595b536c9ec,xclick,/m/01g317,1,0.428125,0.48375,0.485833,0.61,1,0,0,0,0,0.45,0.428125,0.48375,0.458125,0.485833,0.540833,0.543333,0.61
0001e595b536c9ec,xclick,/m/01g317,1,0.4875,0.56625,0.4825,0.6325,1,0,0,0,0,0.5575,0.4875,0.56625,0.52875,0.4825,0.611667,0.5,0.6325
0001e595b536c9ec,xclick,/m/01g317,1,0.5375,0.60125,0.503333,0.6425,0,0,0,0,0,0.576875,0.5375,0.60125,0.575625,0.503333,0.578333,0.5975,0.6425
0001fa6ab562fd2a,xclick,/m/01g317,1,0.115288,0.214912,0.385625,0.4625,0,0,0,0,0,0.115288,0.12406,0.180451,0.214912,0.45875,0.385625,0.455625,0.4625
0001fa6ab562fd2a,xclick,/m/01g317,1,0.257519,0.324561,0.24375,0.460625,0,0,0,0,0,0.266291,0.257519,0.286967,0.324561,0.24375,0.3,0.460625,0.274375
0001fa6ab562fd2a,xclick,/m/01g317,1,0.312657,0.359023,0.235,0.464375,0,0,0,0,0,0.343358,0.359023,0.348371,0.312657,0.464375,0.285,0.235,0.296875
0001fa6ab562fd2a,xclick,/m/01g317,1,0.379073,0.453008,0.241875,0.460625,0,0,0,0,0,0.444236,0.379073,0.389724,0.453008,0.460625,0.3875,0.241875,0.306875
0001fa6ab562fd2a,xclick,/m/01g317,1,0.543233,0.749373,0.18125,0.5075,0,0,0,0,0,0.647243,0.749373,0.543233,0.575815,0.18125,0.5025,0.48875,0.5075
0002024f996741eb,activemil,/m/01g317,1,0.53375,0.611875,0.474672,0.738274,-1,-1,-1,-1,-1,-1.0,-1.0,-1.0,-1.0,-1.0,-1.0,-1.0,-1.0
0002024f996741eb,xclick,/m/01g317,1,0.0,0.999375,0.443715,0.999062,1,1,1,0,0,0.999375,0.9225,0.0,0.4675,0.79925,0.999062,0.845216,0.443715
0002024f996741eb,xclick,/m/01g317,1,0.3075,0.414375,0.429644,0.694184,1,0,0,0,0,0.355,0.3075,0.330625,0.414375,0.429644,0.541276,0.694184,0.533771
000208a3f3477628,xclick,/m/01g317,1,0.188125,0.288125,0.527205,0.786116,1,0,0,0,0,0.251875,0.188125,0.265,0.288125,0.527205,0.712008,0.786116,0.615385
000208a3f3477628,xclick,/m/01g317,1,0.69,0.796875,0.526266,0.803002,1,0,0,0,0,0.753125,0.69,0.766875,0.796875,0.526266,0.723265,0.803002,0.636023
000213f8efef7523,xclick,/m/01g317,1,0.7025,0.866875,0.336158,0.813559,1,1,0,1,0,0.7025,0.79375,0.866875,0.795,0.543315,0.336158,0.553672,0.813559
0002172d94dfe46c,xclick,/m/01g317,1,0.345625,0.471875,0.407006,0.57548,1,0,0,0,0,0.345625,0.429375,0.471875,0.40625,0.507089,0.57548,0.487907,0.407006
0002337b77943386,xclick,/m/01g317,1,0.0,0.48625,0.0,0.590056,1,1,0,0,0,0.21875,0.0,0.48625,0.17125,0.0,0.165103,0.036585,0.590056
0002337b77943386,xclick,/m/01g317,1,0.02875,0.883125,0.0,0.917448,0,0,0,0,0,0.5625,0.02875,0.883125,0.041875,0.0,0.880863,0.523452,0.917448
0002337b77943386,xclick,/m/01g317,1,0.601875,0.999375,0.0,0.798311,1,1,0,0,0,0.694375,0.601875,0.918125,0.999375,0.0,0.007505,0.798311,0.501876
0002347a67b7a730,xclick,/m/01g317,1,0.0,0.198125,0.525641,0.999084,0,1,0,0,0,0.078125,0.0,0.198125,0.16875,0.525641,0.688645,0.910256,0.999084
0002347a67b7a730,xclick,/m/01g317,1,0.124375,0.243125,0.529304,0.784799,1,0,0,0,0,0.186875,0.124375,0.243125,0.165,0.529304,0.658425,0.666667,0.784799
0002347a67b7a730,xclick,/m/01g317,1,0.2675,0.47375,0.576007,0.958791,1,0,0,0,0,0.3675,0.2675,0.47375,0.295625,0.576007,0.89011,0.846154,0.958791
0002347a67b7a730,xclick,/m/01g317,1,0.415,0.57625,0.479853,0.674908,1,0,0,0,0,0.510625,0.415,0.57625,0.563125,0.479853,0.627289,0.674908,0.663004
0002347a67b7a730,xclick,/m/01g317,1,0.454375,0.688125,0.677656,0.999084,0,1,0,0,0,0.539375,0.454375,0.688125,0.643125,0.677656,0.931319,0.994505,0.999084
0002347a67b7a730,xclick,/m/01g317,1,0.556875,0.861875,0.52381,0.999084,1,1,0,0,0,0.6675,0.556875,0.861875,0.763125,0.52381,0.724359,0.799451,0.999084
0002347a67b7a730,xclick,/m/01g317,1,0.7875,0.948125,0.619048,0.97619,1,0,0,0,0,0.81875,0.7875,0.948125,0.87125,0.619048,0.82967,0.863553,0.97619
0002347a67b7a730,xclick,/m/01g317,1,0.97375,0.999375,0.840659,0.999084,0,1,0,0,0,0.998125,0.999375,0.97375,0.98,0.840659,0.95696,0.899267,0.999084
00023f2cf3334fdc,xclick,/m/01g317,1,0.065,0.998333,0.20375,0.99875,0,1,0,1,0,0.583333,0.065,0.525,0.998333,0.20375,0.92625,0.99875,0.92375
000243216b5a8e54,xclick,/m/01g317,1,0.118333,0.7875,0.33625,0.999375,0,1,0,0,0,0.458333,0.118333,0.7875,0.594167,0.33625,0.8375,0.730625,0.999375
00025431f1dca713,xclick,/m/01g317,1,0.0,0.469655,0.0,0.8175,0,0,0,0,0,0.0,0.0,0.082166,0.469655,0.0,0.0,0.8175,0.363125
00025431f1dca713,xclick,/m/01g317,1,0.0,0.894491,0.0,0.999375,0,0,0,0,0,0.54902,0.894491,0.562092,0.0,0.0,0.98125,0.999375,0.918125
00025431f1dca713,xclick,/m/01g317,1,0.647993,0.987862,0.0,0.371875,0,0,0,0,0,0.647993,0.647993,0.987862,0.79085,0.0,0.0,0.088125,0.371875
000256419f7c57d8,xclick,/m/01g317,1,0.029375,0.1975,0.390833,0.67,1,0,0,0,0,0.1325,0.1975,0.104375,0.029375,0.390833,0.531667,0.67,0.484167
000256419f7c57d8,xclick,/m/01g317,1,0.46,0.52875,0.346667,0.526667,1,0,0,0,0,0.4975,0.52875,0.488125,0.46,0.346667,0.471667,0.526667,0.478333
000256419f7c57d8,xclick,/m/01g317,1,0.55375,0.618125,0.373333,0.645833,1,0,0,0,0,0.580625,0.55375,0.585,0.618125,0.373333,0.465,0.645833,0.485833
000256419f7c57d8,xclick,/m/01g317,1,0.646875,0.693125,0.379167,0.626667,1,0,0,0,0,0.6675,0.6675,0.646875,0.693125,0.626667,0.379167,0.471667,0.525
000256419f7c57d8,xclick,/m/01g317,1,0.706875,0.72625,0.403333,0.455,0,0,0,0,0,0.711875,0.706875,0.715625,0.72625,0.403333,0.42,0.455,0.434167
000256419f7c57d8,xclick,/m/01g317,1,0.75625,0.805625,0.3825,0.566667,1,0,0,0,0,0.7775,0.75625,0.78875,0.805625,0.3825,0.46,0.566667,0.4325
000256419f7c57d8,xclick,/m/01g317,1,0.841875,0.86,0.408333,0.465,0,0,0,0,0,0.853125,0.841875,0.846875,0.86,0.408333,0.434167,0.465,0.423333
000256419f7c57d8,xclick,/m/01g317,1,0.86125,0.913125,0.406667,0.57,1,0,0,0,0,0.885625,0.86125,0.881875,0.913125,0.406667,0.47,0.57,0.4525
000256419f7c57d8,xclick,/m/01g317,1,0.926875,0.97375,0.3875,0.550833,1,0,0,0,0,0.926875,0.94625,0.956875,0.97375,0.475,0.3875,0.550833,0.485833
000265efe8492bd9,xclick,/m/01g317,1,0.018125,0.344375,0.0,0.338649,0,0,0,0,0,0.148125,0.018125,0.220625,0.344375,0.0,0.322702,0.338649,0.005629
000266c1e4c17092,xclick,/m/01g317,1,0.05125,0.55375,0.018147,0.999045,0,0,0,0,0,0.235625,0.05125,0.14375,0.55375,0.018147,0.782235,0.999045,0.760267
000266c1e4c17092,xclick,/m/01g317,1,0.421875,0.999375,0.067813,0.999045,0,0,0,0,0,0.7475,0.421875,0.57125,0.999375,0.067813,0.982808,0.999045,0.782235
00026912315fd226,xclick,/m/01g317,1,0.523125,0.569375,0.525833,0.711667,0,0,0,0,0,0.54125,0.523125,0.54375,0.569375,0.525833,0.5525,0.711667,0.700833
00026a2701e143f5,xclick,/m/01g317,1,0.01625,0.335625,0.469043,0.999062,1,1,0,0,0,0.260625,0.01625,0.335625,0.206875,0.469043,0.999062,0.860225,0.997186
00026a2701e143f5,xclick,/m/01g317,1,0.29125,0.665,0.5197,0.999062,1,1,0,0,0,0.524375,0.54625,0.665,0.29125,0.5197,0.999062,0.833021,0.717636
00026a2701e143f5,xclick,/m/01g317,1,0.64875,0.968125,0.153846,0.999062,1,1,0,0,0,0.78875,0.855625,0.968125,0.64875,0.153846,0.999062,0.649156,0.58349
00027ae34cb09507,xclick,/m/01g317,1,0.322917,0.826823,0.09668,0.999023,1,1,0,0,0,0.580729,0.322917,0.494792,0.826823,0.09668,0.6875,0.999023,0.402344
00027d037fec5402,xclick,/m/01g317,1,0.598125,0.999375,0.133333,0.961667,1,1,0,0,0,0.704375,0.598125,0.78,0.999375,0.133333,0.45,0.961667,0.405
00027f4e7a1c370f,xclick,/m/01g317,1,0.0,0.137336,0.234375,0.3625,1,1,0,0,0,0.072368,0.137336,0.0,0.10773,0.234375,0.280625,0.30125,0.3625
00027f4e7a1c370f,xclick,/m/01g317,1,0.245066,0.587171,0.150625,0.925625,1,0,0,0,0,0.425987,0.587171,0.457237,0.245066,0.150625,0.43125,0.925625,0.778125
00027f4e7a1c370f,xclick,/m/01g317,1,0.566612,0.876645,0.136875,0.94875,1,0,0,0,0,0.615954,0.876645,0.566612,0.683388,0.136875,0.546875,0.480625,0.94875
000284a717e801dd,xclick,/m/01g317,1,0.045,0.123125,0.662383,0.920561,0,0,0,0,0,0.1025,0.045,0.123125,0.091875,0.662383,0.726636,0.753505,0.920561
000284a717e801dd,xclick,/m/01g317,1,0.178125,0.244375,0.633178,0.908879,0,0,0,0,0,0.21625,0.178125,0.244375,0.244375,0.633178,0.897196,0.908879,0.908879
000284a717e801dd,xclick,/m/01g317,1,0.444375,0.5075,0.649533,0.892523,0,0,0,0,0,0.47625,0.444375,0.50625,0.5075,0.649533,0.882009,0.892523,0.892523
000284a717e801dd,xclick,/m/01g317,1,0.58,0.641875,0.660047,0.908879,0,0,0,0,0,0.61625,0.58,0.641875,0.605625,0.660047,0.765187,0.767523,0.908879
000284a717e801dd,xclick,/m/01g317,1,0.795,0.85,0.623832,0.903037,0,0,0,0,0,0.825625,0.85,0.84375,0.795,0.623832,0.714953,0.903037,0.714953
00028844acae6fae,xclick,/m/01g317,1,0.0,0.0575,0.244591,0.367827,1,0,0,0,0,0.00125,0.0,0.015,0.0575,0.244591,0.35842,0.362183,0.367827
00028844acae6fae,xclick,/m/01g317,1,0.06,0.16625,0.283161,0.383819,1,0,0,0,0,0.10375,0.06,0.11625,0.16625,0.283161,0.373471,0.383819,0.381938
00028844acae6fae,xclick,/m/01g317,1,0.183125,0.2525,0.312324,0.391345,1,0,0,0,0,0.22125,0.183125,0.20875,0.2525,0.312324,0.381938,0.391345,0.319849
00028844acae6fae,xclick,/m/01g317,1,0.236875,0.301875,0.321731,0.402634,1,0,0,0,0,0.26875,0.236875,0.291875,0.301875,0.321731,0.365945,0.402634,0.364064
00028844acae6fae,xclick,/m/01g317,1,0.238125,0.41125,0.327375,0.876764,1,0,0,0,0,0.344375,0.238125,0.336875,0.41125,0.327375,0.406397,0.871119,0.876764
00028844acae6fae,xclick,/m/01g317,1,0.32625,0.496875,0.269991,0.856068,1,0,0,0,0,0.348125,0.32625,0.390625,0.496875,0.269991,0.296331,0.856068,0.854186
00028844acae6fae,xclick,/m/01g317,1,0.424375,0.615,0.03857,0.860771,1,0,0,0,0,0.455625,0.424375,0.6025,0.615,0.03857,0.424271,0.860771,0.253998
00028844acae6fae,xclick,/m/01g317,1,0.56875,0.744375,0.33302,0.813735,1,0,0,0,0,0.596875,0.56875,0.7275,0.744375,0.33302,0.378175,0.811853,0.813735
00028844acae6fae,xclick,/m/01g317,1,0.57375,0.711875,0.373471,0.838194,1,0,0,0,0,0.57375,0.57625,0.6625,0.711875,0.373471,0.62841,0.838194,0.80809
00028844acae6fae,xclick,/m/01g317,1,0.62,0.806875,0.331138,0.811853,1,0,0,0,0,0.675,0.62,0.746875,0.806875,0.331138,0.431797,0.811853,0.804327
00028844acae6fae,xclick,/m/01g317,1,0.68125,0.809375,0.360301,0.799624,1,0,0,0,0,0.73125,0.68125,0.78875,0.809375,0.360301,0.443086,0.799624,0.799624
00028844acae6fae,xclick,/m/01g317,1,0.756875,0.89125,0.406397,0.806209,1,0,0,0,0,0.809375,0.756875,0.814375,0.89125,0.406397,0.479774,0.806209,0.799624
00028844acae6fae,xclick,/m/01g317,1,0.89,0.954375,0.574788,0.792098,1,0,0,0,0,0.94,0.89,0.916875,0.954375,0.574788,0.651929,0.792098,0.639699
0002912682d64112,xclick,/m/01g317,1,0.0,0.415842,0.385762,0.998344,1,1,0,0,0,0.24505,0.415842,0.344059,0.0,0.385762,0.678808,0.998344,0.812914
0002912682d64112,xclick,/m/01g317,1,0.19802,0.997525,0.02649,0.773179,1,1,0,0,0,0.351485,0.19802,0.962871,0.997525,0.02649,0.206954,0.773179,0.34106
0002a06d31985d69,xclick,/m/01g317,1,0.0,0.040625,0.173132,0.86755,1,1,0,1,0,0.025625,0.005,0.040625,0.0,0.86755,0.173132,0.25071,0.512772
0002a06d31985d69,xclick,/m/01g317,1,0.026875,0.184375,0.117313,0.96878,1,0,0,1,0,0.1225,0.026875,0.1225,0.184375,0.117313,0.475875,0.96878,0.210028
0002a06d31985d69,xclick,/m/01g317,1,0.1175,0.36,0.258278,0.999054,1,1,0,1,0,0.1675,0.1175,0.36,0.1525,0.258278,0.508988,0.584674,0.999054
0002a06d31985d69,xclick,/m/01g317,1,0.319375,0.575,0.085147,0.999054,1,1,0,1,0,0.319375,0.425,0.575,0.475625,0.468307,0.085147,0.601703,0.999054
0002a1b8cc4b8f92,xclick,/m/01g317,1,0.430625,0.691875,0.334267,0.549953,0,0,0,0,0,0.430625,0.66375,0.691875,0.495,0.455649,0.334267,0.444444,0.549953
0002a3c01c926a49,xclick,/m/01g317,1,0.0,0.52,0.564375,0.999375,1,1,0,0,0,0.116667,0.52,0.13,0.0,0.564375,0.830625,0.999375,0.875
0002a3c01c926a49,xclick,/m/01g317,1,0.721667,0.999167,0.609375,0.999375,0,1,0,0,0,0.836667,0.721667,0.999167,0.900833,0.609375,0.91875,0.93125,0.999375
0002ab17a812c0d6,xclick,/m/01g317,1,0.0,0.93891,0.153125,0.745,0,0,0,0,0,0.478383,0.0,0.637218,0.93891,0.153125,0.6225,0.745,0.450625
0002ae796e1f8eb5,xclick,/m/01g317,1,0.257384,0.49789,0.530648,0.868652,1,0,0,1,0,0.373418,0.257384,0.49789,0.297468,0.530648,0.845884,0.579685,0.868652
0002ae796e1f8eb5,xclick,/m/01g317,1,0.658228,0.850211,0.544658,0.854641,1,0,0,1,0,0.757384,0.658228,0.776371,0.850211,0.544658,0.644483,0.854641,0.705779
0002b83c86da3294,xclick,/m/01g317,1,0.045882,0.068235,0.502655,0.649558,0,0,0,0,0,0.045882,0.045882,0.068235,0.068235,0.502655,0.502655,0.649558,0.649558
0002b83c86da3294,xclick,/m/01g317,1,0.148235,0.176471,0.486726,0.647788,0,0,0,0,0,0.148235,0.148235,0.176471,0.176471,0.486726,0.486726,0.647788,0.647788
0002b83c86da3294,xclick,/m/01g317,1,0.337647,0.356471,0.490265,0.546903,0,0,0,0,0,0.337647,0.337647,0.356471,0.356471,0.490265,0.490265,0.546903,0.546903
0002b83c86da3294,xclick,/m/01g317,1,0.363529,0.401176,0.299115,0.414159,0,0,0,0,0,0.401176,0.401176,0.363529,0.363529,0.299115,0.299115,0.414159,0.414159
0002b83c86da3294,xclick,/m/01g317,1,0.458824,0.504706,0.359292,0.424779,0,0,0,0,0,0.475294,0.458824,0.504706,0.487059,0.359292,0.423009,0.382301,0.424779
0002b83c86da3294,xclick,/m/01g317,1,0.541176,0.571765,0.483186,0.527434,0,0,0,0,0,0.571765,0.571765,0.541176,0.545882,0.483186,0.483186,0.527434,0.527434
0002b83c86da3294,xclick,/m/01g317,1,0.569412,0.584706,0.488496,0.525664,0,0,0,0,0,0.570588,0.584706,0.584706,0.569412,0.490265,0.525664,0.525664,0.488496
0002b83c86da3294,xclick,/m/01g317,1,0.707059,0.727059,0.361062,0.433628,0,0,0,0,0,0.727059,0.723529,0.707059,0.707059,0.362832,0.361062,0.433628,0.433628
0002b83c86da3294,xclick,/m/01g317,1,0.877647,0.905882,0.467257,0.536283,0,0,0,0,0,0.905882,0.904706,0.877647,0.877647,0.467257,0.467257,0.536283,0.536283
0002c799b0cd7412,xclick,/m/01g317,1,0.17125,0.543125,0.257974,0.999062,1,1,0,0,0,0.298125,0.17125,0.399375,0.543125,0.257974,0.730769,0.999062,0.996248
